Workbook

Sheet RMSE_Comp
A1: Tablo: RMSE Comparison (S1:2001-2015, S2:2015-2025)
B2: Medeiros Code | C2: Medeiros Code | D2: We | E2: We | F2: We | G2: We
B3: S1 | C3: S1 | D3: S1 | E3: S1 | F3: S2 | G3: S2
B4: 1 step | C4: 3 step | D4: 1 step | E4: 3 step | F4: 1 step | G4: 3 step
A5: RW | B5: 0.336 | C5: 0.473 | D5: 0.335 | E5: 0.471 | F5: 0.25 | G5: 0.328
A6: SM | D6: 0.37 | E6: 0.371 | F6: 0.283 | G6: 0.283
A7: AR | B7: 0.30869 | C7: 0.36718 | D7: .. | E7: .. | F7: .. | G7: ..
A8: Ridge | B8: 0.287 | C8: 0.336 | D8: 0.29909 | E8: 0.37526 | F8: 0.22579 | G8: 0.28236
A9: Lasso | B9: 0.281 | C9: 0.351 | D9: 0.27889 | E9: 0.34126 | F9: 0.2263 | G9: 0.26276
A10: ElNet | B10: 0.282 | C10: 0.339 | D10: 0.27835 | E10: 0.34827 | F10: 0.2242 | G10: 0.26037
A11: RF | B11: 0.29312 | C11: 0.33437 | D11: 0.29771 | E11: 0.32678 | F11: 0.22384 | G11: 0.25925
B13: =B5/B$5 -> 1 | C13: =C5/C$5 -> 1
B15: =B7/B$5 -> 0.91872024 | C15: =C7/C$5 -> 0.77627907
B16: =B8/B$5 -> 0.85416667 | C16: =C8/C$5 -> 0.71035941
B17: =B9/B$5 -> 0.83630952 | C17: =C9/C$5 -> 0.74207188
B18: =B10/B$5 -> 0.83928571 | C18: =C10/C$5 -> 0.7167019
B19: =B11/B$5 -> 0.87238095 | C19: ..

Sheet RMSE_Comp_Formatted
B2: Table: RMSE Comparisons of Different Models
C3: 2001-2015 | E3: 2015-2025
C4: 1 step | D4: 3 step | E4: 1 step | F4: 3 step
B5: RW | C5: 0.335 | D5: 0.471 | E5: 0.25 | F5: 0.328
B6: RSM | C6: 0.35885401 | D6: 0.35885401 | E6: 0.28264341 | F6: 0.28264341
B7: AR | C7: 0.36946028 | D7: 0.35551428 | E7: 0.27939005 | F7: 0.2570922
B8: Ridge | C8: 0.29909 | D8: 0.37526 | E8: 0.22579 | F8: 0.28236
B9: Lasso | C9: 0.27889 | D9: 0.34126 | E9: 0.2263 | F9: 0.26276
B10: ElNet | C10: 0.27835 | D10: 0.34827 | E10: 0.2242 | F10: 0.26037
B11: RF | C11: 0.29771 | D11: 0.32678 | E11: 0.22384 | F11: 0.25825
B13: Table: RMSE Comparison (S1:2001-15, S2:2015-25)
C14: Sample 1 | E14: Sample 2
C15: 1 step | D15: 3 step | E15: 1 step | F15: 3 step
B16: RW | C16: =C5/C$5 -> 1 | D16: =D5/D$5 -> 1 | E16: =E5/E$5 -> 1 | F16: =F5/F$5 -> 1
B17: RSM | C17: =C6/C$5 -> 1.071206 | D17: =D6/D$5 -> 0.76189811 | E17: =E6/E$5 -> 1.1305737 | F17: =F6/F$5 -> 0.86171773
B18: AR | C18: =C7/C$5 -> 1.1028665 | D18: =D7/D$5 -> 0.75480738 | E18: =E7/E$5 -> 1.1175602 | F18: =F7/F$5 -> 0.78381769
B19: Ridge | C19: =C8/C$5 -> 0.89280597 | D19: =D8/D$5 -> 0.79673036 | E19: =E8/E$5 -> 0.90316 | F19: =F8/F$5 -> 0.86085366
B20: Lasso | C20: =C9/C$5 -> 0.83250746 | D20: =D9/D$5 -> 0.72454352 | E20: =E9/E$5 -> 0.9052 | F20: =F9/F$5 -> 0.80109756
B21: ElNet | C21: =C10/C$5 -> 0.83089552 | D21: =D10/D$5 -> 0.73942675 | E21: =E10/E$5 -> 0.8968 | F21: =F10/F$5 -> 0.79381098
B22: RF | C22: =C11/C$5 -> 0.88868657 | D22: =D11/D$5 -> 0.69380042 | E22: =E11/E$5 -> 0.89536 | F22: =F11/F$5 -> 0.78734756
B26: Table: Medeiros Paper vs Medeiros Code (2001-2015) | I26: Table: RMSE Comparisons for 2001-2015 Between Author's Calculations and Medeiros (2021)
C27: Medeiros Paper | E27: Medeiros Code | J27: 1 Step Ahead | L27: 3 Step Ahead
C28: 1 step | D28: 3 step | E28: 1 step | F28: 3 step | J28: Current Results | K28: Medeiros (2021) | L28: Current Results | M28: Medeiros (2021)
B29: RW | C29: 1 | D29: 1 | E29: 1 | F29: 1 | I29: RW | J29: =C5 -> 0.335 | K29: =RMSE_Comp!B5 -> 0.336 | L29: =D5 -> 0.471 | M29: =RMSE_Comp!C5 -> 0.473
B30: AR | C30: 0.92 | D30: 0.78 | E30: =K30/K$29 -> 0.91872024 | F30: =M30/M$29 -> 0.77627907 | I30: AR | J30: =C7 -> 0.36946028 | K30: =RMSE_Comp!B7 -> 0.30869 | L30: =D7 -> 0.35551428 | M30: =RMSE_Comp!C7 -> 0.36718
B31: Ridge | C31: 0.86 | D31: 0.7 | E31: =K31/K$29 -> 0.85416667 | F31: =M31/M$29 -> 0.71035941 | I31: Ridge | J31: =C8 -> 0.29909 | K31: =RMSE_Comp!B8 -> 0.287 | L31: 0.358 | M31: =RMSE_Comp!C8 -> 0.336
B32: Lasso | C32: 0.84 | D32: 0.71 | E32: =K32/K$29 -> 0.83630952 | F32: =M32/M$29 -> 0.74207188 | I32: Lasso | J32: =C9 -> 0.27889 | K32: =RMSE_Comp!B9 -> 0.281 | L32: =D9 -> 0.34126 | M32: =RMSE_Comp!C9 -> 0.351
B33: ElNet | C33: 0.84 | D33: 0.71 | E33: =K33/K$29 -> 0.83928571 | F33: =M33/M$29 -> 0.7167019 | I33: ElNet | J33: =C10 -> 0.27835 | K33: =RMSE_Comp!B10 -> 0.282 | L33: =D10 -> 0.34827 | M33: =RMSE_Comp!C10 -> 0.339
B34: RF | C34: 0.86 | D34: 0.69 | E34: =K34/K$29 -> 0.87238095 | F34: .. | I34: RF | J34: =C11 -> 0.29771 | K34: =RMSE_Comp!B11 -> 0.29312 | L34: =D11 -> 0.32678 | M34: =RMSE_Comp!C11 -> 0.33437
